[
  {
    "type": "repository",
    "url": "https://github.com/MamlakatAlGhzalan/-k-i-n-g-G-a-z-e-l-l-e-k",
    "owner": "https://github.com/MamlakatAlGhzalan",
    "name": "-k-i-n-g-G-a-z-e-l-l-e-k",
    "description": "  \"مجتمع داعم ومتنوع، يجمع بين الأشخاص الباحثين عن التفاعل، الصداقة، والتجارب الإيجابية. هدفنا هو خلق مساحة آمنة وحرة للتعبير عن الذات",
    "website": null,
    "private": false,
    "has_issues": true,
    "has_wiki": true,
    "has_downloads": true,
    "is_archived": false,
    "labels": [
      {
        "url": "https://github.com/MamlakatAlGhzalan/-k-i-n-g-G-a-z-e-l-l-e-k/labels/bug",
        "name": "bug",
        "color": "d73a4a",
        "description": "Something isn't working",
        "created_at": "2024-12-28T15:00:48Z"
      },
      {
        "url": "https://github.com/MamlakatAlGhzalan/-k-i-n-g-G-a-z-e-l-l-e-k/labels/documentation",
        "name": "documentation",
        "color": "0075ca",
        "description": "Improvements or additions to documentation",
        "created_at": "2024-12-28T15:00:48Z"
      },
      {
        "url": "https://github.com/MamlakatAlGhzalan/-k-i-n-g-G-a-z-e-l-l-e-k/labels/duplicate",
        "name": "duplicate",
        "color": "cfd3d7",
        "description": "This issue or pull request already exists",
        "created_at": "2024-12-28T15:00:48Z"
      },
      {
        "url": "https://github.com/MamlakatAlGhzalan/-k-i-n-g-G-a-z-e-l-l-e-k/labels/enhancement",
        "name": "enhancement",
        "color": "a2eeef",
        "description": "New feature or request",
        "created_at": "2024-12-28T15:00:48Z"
      },
      {
        "url": "https://github.com/MamlakatAlGhzalan/-k-i-n-g-G-a-z-e-l-l-e-k/labels/good%20first%20issue",
        "name": "good first issue",
        "color": "7057ff",
        "description": "Good for newcomers",
        "created_at": "2024-12-28T15:00:48Z"
      },
      {
        "url": "https://github.com/MamlakatAlGhzalan/-k-i-n-g-G-a-z-e-l-l-e-k/labels/help%20wanted",
        "name": "help wanted",
        "color": "008672",
        "description": "Extra attention is needed",
        "created_at": "2024-12-28T15:00:48Z"
      },
      {
        "url": "https://github.com/MamlakatAlGhzalan/-k-i-n-g-G-a-z-e-l-l-e-k/labels/invalid",
        "name": "invalid",
        "color": "e4e669",
        "description": "This doesn't seem right",
        "created_at": "2024-12-28T15:00:48Z"
      },
      {
        "url": "https://github.com/MamlakatAlGhzalan/-k-i-n-g-G-a-z-e-l-l-e-k/labels/question",
        "name": "question",
        "color": "d876e3",
        "description": "Further information is requested",
        "created_at": "2024-12-28T15:00:48Z"
      },
      {
        "url": "https://github.com/MamlakatAlGhzalan/-k-i-n-g-G-a-z-e-l-l-e-k/labels/wontfix",
        "name": "wontfix",
        "color": "ffffff",
        "description": "This will not be worked on",
        "created_at": "2024-12-28T15:00:48Z"
      }
    ],
    "collaborators": [

    ],
    "created_at": "2024-12-28T15:00:46Z",
    "git_url": "tarball://root/repositories/MamlakatAlGhzalan/-k-i-n-g-G-a-z-e-l-l-e-k.git",
    "default_branch": "main",
    "webhooks": [

    ],
    "page": null,
    "public_keys": [

    ],
    "repository_topics": [

    ],
    "security_and_analysis": {
      "dependency_graph": true,
      "vulnerability_alerts": false,
      "vulnerability_updates": false,
      "advanced_security": false,
      "token_scanning": true,
      "token_scanning_push_protection": true
    },
    "autolinks": [

    ],
    "general_settings": {
      "template": false,
      "allow_forking": true,
      "sponsorships": false,
      "projects": true,
      "discussions": false,
      "merge_commit": true,
      "squash_merge": true,
      "rebase_merge": true,
      "auto_merge": false,
      "delete_branch_heads": false,
      "update_branch": false,
      "git_lfs_in_archives": false
    },
    "actions_general_settings": {
      "actions_disabled": false,
      "allows_all_actions": true,
      "allows_local_actions_only": false,
      "allows_github_owned_actions": false,
      "allows_verified_actions": false,
      "allows_specific_actions_patterns": false,
      "patterns": [

      ]
    }
  },
  {
    "type": "repository",
    "url": "https://github.com/MamlakatAlGhzalan/-",
    "owner": "https://github.com/MamlakatAlGhzalan",
    "name": "-",
    "description": null,
    "website": null,
    "private": false,
    "has_issues": true,
    "has_wiki": true,
    "has_downloads": true,
    "is_archived": false,
    "labels": [
      {
        "url": "https://github.com/MamlakatAlGhzalan/-/labels/bug",
        "name": "bug",
        "color": "d73a4a",
        "description": "Something isn't working",
        "created_at": "2024-12-29T21:12:14Z"
      },
      {
        "url": "https://github.com/MamlakatAlGhzalan/-/labels/documentation",
        "name": "documentation",
        "color": "0075ca",
        "description": "Improvements or additions to documentation",
        "created_at": "2024-12-29T21:12:16Z"
      },
      {
        "url": "https://github.com/MamlakatAlGhzalan/-/labels/duplicate",
        "name": "duplicate",
        "color": "cfd3d7",
        "description": "This issue or pull request already exists",
        "created_at": "2024-12-29T21:12:16Z"
      },
      {
        "url": "https://github.com/MamlakatAlGhzalan/-/labels/enhancement",
        "name": "enhancement",
        "color": "a2eeef",
        "description": "New feature or request",
        "created_at": "2024-12-29T21:12:16Z"
      },
      {
        "url": "https://github.com/MamlakatAlGhzalan/-/labels/good%20first%20issue",
        "name": "good first issue",
        "color": "7057ff",
        "description": "Good for newcomers",
        "created_at": "2024-12-29T21:12:16Z"
      },
      {
        "url": "https://github.com/MamlakatAlGhzalan/-/labels/help%20wanted",
        "name": "help wanted",
        "color": "008672",
        "description": "Extra attention is needed",
        "created_at": "2024-12-29T21:12:16Z"
      },
      {
        "url": "https://github.com/MamlakatAlGhzalan/-/labels/invalid",
        "name": "invalid",
        "color": "e4e669",
        "description": "This doesn't seem right",
        "created_at": "2024-12-29T21:12:17Z"
      },
      {
        "url": "https://github.com/MamlakatAlGhzalan/-/labels/question",
        "name": "question",
        "color": "d876e3",
        "description": "Further information is requested",
        "created_at": "2024-12-29T21:12:17Z"
      },
      {
        "url": "https://github.com/MamlakatAlGhzalan/-/labels/wontfix",
        "name": "wontfix",
        "color": "ffffff",
        "description": "This will not be worked on",
        "created_at": "2024-12-29T21:12:17Z"
      }
    ],
    "collaborators": [

    ],
    "created_at": "2024-12-29T21:12:13Z",
    "git_url": "tarball://root/repositories/MamlakatAlGhzalan/-.git",
    "default_branch": "main",
    "webhooks": [

    ],
    "page": null,
    "public_keys": [

    ],
    "repository_topics": [

    ],
    "security_and_analysis": {
      "dependency_graph": true,
      "vulnerability_alerts": false,
      "vulnerability_updates": false,
      "advanced_security": false,
      "token_scanning": true,
      "token_scanning_push_protection": true
    },
    "autolinks": [

    ],
    "general_settings": {
      "template": false,
      "allow_forking": true,
      "sponsorships": false,
      "projects": true,
      "discussions": false,
      "merge_commit": true,
      "squash_merge": true,
      "rebase_merge": true,
      "auto_merge": false,
      "delete_branch_heads": false,
      "update_branch": false,
      "git_lfs_in_archives": false
    },
    "actions_general_settings": {
      "actions_disabled": false,
      "allows_all_actions": true,
      "allows_local_actions_only": false,
      "allows_github_owned_actions": false,
      "allows_verified_actions": false,
      "allows_specific_actions_patterns": false,
      "patterns": [

      ]
    }
  }
]