[
  {
    "type": "user",
    "url": "https://github.com/MamlakatAlGhzalan",
    "avatar_url": "https://avatars.githubusercontent.com/u/193071993?v=4",
    "login": "MamlakatAlGhzalan",
    "name": null,
    "bio": null,
    "company": null,
    "website": null,
    "location": null,
    "emails": [
      {
        "address": "mokaaamo21@gmail.com",
        "primary": true,
        "verified": true
      }
    ],
    "social_accounts": [

    ],
    "billing_plan": {
      "name": "free",
      "space": 976562499,
      "private_repos": 10000
    },
    "created_at": "2024-12-28T14:39:43Z"
  }
]